[
    {
        "id": "EN2025_PSI_001",
        "texto": "Um psicólogo que trabalha em atendimento online recebe pedido de encaminhamento para um colega por suspeita de risco imediato de suicídio. De acordo com os princípios éticos, qual a atitude mais adequada?",
        "opcoes": ["Encaminhar sem informar o paciente.", "Informar ao paciente sobre o encaminhamento e obter consentimento, tomando medidas imediatas de proteção.", "Não encaminhar e apenas oferecer mais sessões.", "Divulgar o caso em fórum profissional para opinião."],
        "correta": "B",
        "temas": ["Ética/CRP", "Intervenção de risco"],
        "formato": "múltipla escolha"
    },
    {
        "id": "EN2025_PSI_002",
        "texto": "Um teste tem alta fidelidade e baixa validade para o construto alvo. A implicação prática é:",
        "opcoes": ["O teste mede consistentemente algo, mas possivelmente não é o que se pretende medir.", "O teste mede perfeitamente o construto.", "Baixa utilidade clínica.", "A e C estão corretas."],
        "correta": "D",
        "temas": ["Avaliação Psicológica", "Psicometria"],
        "formato": "múltipla escolha"
    },
    {
        "id": "EN2025_PSI_003",
        "texto": "Um jovem de 17 anos é encaminhado a uma UBS com queixas de uso excessivo de álcool e baixo desempenho escolar. O médico o encaminha para a Rede de Atenção Psicossocial (RAPS). Caracterize a RAPS e cite dois serviços nos quais ele poderia ser acolhido.",
        "opcoes": [],
        "correta": "Discursiva - ver rubrica",
        "temas": ["Saúde Mental", "Políticas Públicas"],
        "formato": "discursiva"
    }
]

